{"score": 0.5542898664422834, "ade": 0.5542898664422834, "fde": 1.020774668461064, "emd": 0.0, "log_prob": -0.7112464904785156, "nsample": 1.0, "execution time": 70.82411155700683, "time std": 7.350943937481478}